unit,label,text
1,To Check Your Logic Before Calculating,"Based on the checklist you just gave me, I think the variable in my problem is quantitative and the graph should be skewed right because of a high outlier. Am I interpreting this setup correctly before I begin my math?"
1,To Write a Perfect Human Context Sentence,"I calculated my numerical result, but our instructor requires us to interpret it in a clear sentence context. My draft sentence is: [Insert your draft here]. Act as a humanizing writing coach. How can I adjust this to make it sound less like textbook jargon and more focused on the real-world situation?"
1,To Run a Self-Test Before the Exam,"I think I understand this concept now. To test my memory retrieval, generate a quick, unique word problem scenario where I have to apply this exact logic. Don't give me the answer yet—let me try to solve it first!"
2,To Check Your Technology Setting Entry Values,"Based on the distribution criteria you just explained, I plan to enter these parameters into the [Binomial / Normal] tab on Art of Stat: [List your inputs, e.g., n=12, p=0.55, select upper tail]. Does this input alignment correctly match the phrase ['at least 9 successes'] in my homework question?"
2,To Translate Calculator Functions to Graph Shapes,"I want to know how to calculate this z-score or area using my graphing calculator rather than the website app so I'm faster during exams. Can you provide the specific button steps for my [Insert Calculator Model, e.g., TI-84 Plus] and explain how the values I type correspond to the left or right tail area of the curve?"
2,To Run a Self-Test Before the Exam,"I feel confident about this module now. Test my memory retrieval! Act as the instructor and generate a brand-new, messy introductory probability word problem that forces me to decide between checking the Central Limit Theorem conditions versus using a discrete probability distribution. Give me the problem, but don't show the solution until I submit my answer."
3,To Check Your Alpha Level Alignment Before Making a Final Decision,"I found a p-value of [Insert Number, e.g., 0.034] and our significance level α is [Insert Number, e.g., 0.05]. Based on the rule 'If the P-value is low, the Null must go,' I plan to reject H0. Am I executing this final statistical decision correctly based on our alpha boundary thresholds?"
3,"To Draft a Contextual ""Step 5"" Sentence for a Quiz","I rejected the null hypothesis for a problem about [Insert Context, e.g., whether a new AI tutor reduces study time]. My draft conclusion is: 'We reject the null because the p-value is low.' Can you act as an HSC writing coach and help me expand this into a complete, human-centered conclusion statement that explicitly captures what this means about our actual target population?"
3,To Run a Sample-Size Retrieval Drill Before the Exam,"I am working on calculating the sample size n needed for a specific margin of error threshold, and I keep getting a decimal answer like 131.02. Can you explain why statisticians always round the final n value UP to 132 instead of rounding down normally? Quiz me with a new scenario to see if I can set up the algebra backwards on my own."
4,To Interpret a Regression Slope Word-for-Word,"I ran a linear regression in Art of Stat and got an equation of y-hat = 12.5 + 3.42x, where y is [Insert variable context] and x is [Insert variable context]. I want to write the context sentence for the slope. If I write: 'For every 1 unit change in x, y goes up by 3.42,' how can I humanize this to include our actual real-world variable names perfectly?"
4,To Double-Check Your Expected Cell Counts Rule,"I am checking my conditions for a Chi-Square test. My observed table has some small numbers (like 3 or 4). Does this mean I automatically violate the conditions, or should I be looking at the 'Expected Counts' table instead? Help me check this distinction before I calculate the test statistic."
4,To Run a Final Conceptual Selection Drill,"I think I have Unit 4 test selection down. Test my retrieval! Generate a challenging, messy word problem scenario that deliberately mixes multiple categories and numerical measurements. Don't tell me the answer—ask me to identify the variables, classify them, and name the correct test!"
