problem,outcomes,intro,image,image_alt,part,question,answer
1,S5 S6,"Jolene collected the ages of all the students in her math class. She found the distribution to be skewed to the right.
a. There are a lot of younger students, and fewer older students.
b. There are a lot of older students, and fewer younger students.
c. Most of the ages of the students tend to be in the middle, with few younger and few older students.
d. Jolene must be confused, because the distribution cannot be described as skewed in any direction since age is a categorical variable.",,,,What does it mean that the distribution is skewed to the right?,"A. There are a lot of younger students, and fewer older students. The long tail points to the right, toward the older ages."
2,S5,"A random sample of 35 students were selected and asked how many text messages they sent in the last week. The results are recorded in the histogram below. Use the histogram to fill in a distribution table with the classes 0-29, 30-59, 60-89, and 90-119.",images/mr-q2.png,"Histogram of the number of texts sent by 35 students. The bars are 10 texts wide and run from 0 to 120. The frequencies from left to right are 1, 1, 2, 5, 3, 8, 4, 3, 5, 1, 1, and 1.",a,"Fill in the Frequency column (0-29, 30-59, 60-89, 90-119).","4, 16, 12, 3"
2,S5,"A random sample of 35 students were selected and asked how many text messages they sent in the last week. The results are recorded in the histogram below. Use the histogram to fill in a distribution table with the classes 0-29, 30-59, 60-89, and 90-119.",images/mr-q2.png,"Histogram of the number of texts sent by 35 students. The bars are 10 texts wide and run from 0 to 120. The frequencies from left to right are 1, 1, 2, 5, 3, 8, 4, 3, 5, 1, 1, and 1.",b,Fill in the Relative Frequency column.,"0.114, 0.457, 0.343, 0.086"
2,S5,"A random sample of 35 students were selected and asked how many text messages they sent in the last week. The results are recorded in the histogram below. Use the histogram to fill in a distribution table with the classes 0-29, 30-59, 60-89, and 90-119.",images/mr-q2.png,"Histogram of the number of texts sent by 35 students. The bars are 10 texts wide and run from 0 to 120. The frequencies from left to right are 1, 1, 2, 5, 3, 8, 4, 3, 5, 1, 1, and 1.",c,Fill in the Cumulative Frequency column.,"4, 20, 32, 35"
2,S5,"A random sample of 35 students were selected and asked how many text messages they sent in the last week. The results are recorded in the histogram below. Use the histogram to fill in a distribution table with the classes 0-29, 30-59, 60-89, and 90-119.",images/mr-q2.png,"Histogram of the number of texts sent by 35 students. The bars are 10 texts wide and run from 0 to 120. The frequencies from left to right are 1, 1, 2, 5, 3, 8, 4, 3, 5, 1, 1, and 1.",d,Fill in the Cumulative Relative Frequency column.,"0.114, 0.571, 0.914, 1"
3,S6,"Use the following summary statistics in your calculations: Min = 10, Q1 = 35, Q2 = 42, Q3 = 51, Max = 79.",,,,Determine if any outliers exist in the dataset using the 1.5×IQR rule.,"The minimum and maximum are outliers: 10 and 79. (Other unknown values are still possible.) Check: IQR = 51 − 35 = 16, the lower fence is 35 − 1.5(16) = 11, and the upper fence is 51 + 1.5(16) = 75. 10 is below 11 and 79 is above 75."
4,S5 S6,"Consider the following data points: 1, 9, 33, 33, 35, 35, 47, 51, 72, 81.",,,,Draw a boxplot displaying any outliers.,"The outliers are 1 and 81. Check: Q1 = 33, median = 35, Q3 = 51, so IQR = 18. The lower fence is 33 − 27 = 6 and the upper fence is 51 + 27 = 78. To draw it, put the box from 33 to 51 with a line at 35, extend the whiskers to 9 and 72 (the most extreme values that are not outliers), and mark 1 and 81 as separate dots."
5,S5 S6,"A university instructor created a website for her Organic Chemistry course. The students in her class were encouraged to use the website as an additional resource for the course. At the end of the semester, the instructor asked each student how many times he or she visited the website and recorded the counts.",images/mr-q5.png,"Histogram of the number of visits to a website, from 1 to 16 visits. There is a short bar of about 2 students at 1 visit and no bars from 2 to 8. From 9 visits the bars grow taller: about 2, 1, 3, 5, 6, 12, 30, and then 60 students at 15 visits. The distribution is skewed left.",a,"Based on the histogram, describe the distribution of website use. (Hint: SoCS: shape, outliers, center, spread.)","The distribution of visits to her website appears to be heavily skewed left, with an outlier at 1 visit. The median appears to be near 14 to 15 visits, and the range (excluding the outlier) goes from 8 to 15 visits, a range of 7."
5,S5 S6,"A university instructor created a website for her Organic Chemistry course. The students in her class were encouraged to use the website as an additional resource for the course. At the end of the semester, the instructor asked each student how many times he or she visited the website and recorded the counts.",images/mr-q5.png,"Histogram of the number of visits to a website, from 1 to 16 visits. There is a short bar of about 2 students at 1 visit and no bars from 2 to 8. From 9 visits the bars grow taller: about 2, 1, 3, 5, 6, 12, 30, and then 60 students at 15 visits. The distribution is skewed left.",b,Would the mean be higher or lower than the median? Explain how you know.,"The mean would likely be lower than the median. Because of the left skew and the outlier that is far below the rest of the values, both of these aspects of the distribution pull the mean toward the left, to a lower number of visits."
5,S5 S6,"A university instructor created a website for her Organic Chemistry course. The students in her class were encouraged to use the website as an additional resource for the course. At the end of the semester, the instructor asked each student how many times he or she visited the website and recorded the counts.",images/mr-q5.png,"Histogram of the number of visits to a website, from 1 to 16 visits. There is a short bar of about 2 students at 1 visit and no bars from 2 to 8. From 9 visits the bars grow taller: about 2, 1, 3, 5, 6, 12, 30, and then 60 students at 15 visits. The distribution is skewed left.",c,Which would be the more appropriate measure of variation: the standard deviation or the IQR? Why?,"I would use the IQR rather than the standard deviation. With a heavily skewed distribution and an outlier, the standard deviation would be highly affected, and the IQR is a much more robust statistic to measure the variation."
6,S5 S6,Use the boxplot to answer the following questions.,images/mr-q6.png,"Side-by-side boxplots of overall grade. Math 083: minimum about 59, Q1 about 65, median about 71, Q3 about 80, maximum 100. Math 219: minimum about 27, Q1 about 52, median about 63, Q3 about 85, maximum 100.",a,Compare the center and spread of the distributions of overall grades in the given Math 083 and Math 219 classes.,"The grades in Math 083 have a higher center than those in Math 219. The median is around 70% for Math 083 and around 65% for Math 219. Math 219 shows much more variation. Its range is from about 30% to 100% (a range of about 70%), versus just under 60% to 100% for Math 083 (a range of about 40%). The IQR is also larger for Math 219 (about 33%, from 52 to 85) than for Math 083 (about 15%, from 65 to 80)."
6,S5 S6,Use the boxplot to answer the following questions.,images/mr-q6.png,"Side-by-side boxplots of overall grade. Math 083: minimum about 59, Q1 about 65, median about 71, Q3 about 80, maximum 100. Math 219: minimum about 27, Q1 about 52, median about 63, Q3 about 85, maximum 100.",b,Approximately what percentage of students in Math 083 score between 60% and 80%?,Less than 75% of the Math 083 class score between 60% and 80%.
6,S5 S6,Use the boxplot to answer the following questions.,images/mr-q6.png,"Side-by-side boxplots of overall grade. Math 083: minimum about 59, Q1 about 65, median about 71, Q3 about 80, maximum 100. Math 219: minimum about 27, Q1 about 52, median about 63, Q3 about 85, maximum 100.",c,Approximately what percentage of students in Math 219 score above 85%?,Approximately 25%.
6,S5 S6,Use the boxplot to answer the following questions.,images/mr-q6.png,"Side-by-side boxplots of overall grade. Math 083: minimum about 59, Q1 about 65, median about 71, Q3 about 80, maximum 100. Math 219: minimum about 27, Q1 about 52, median about 63, Q3 about 85, maximum 100.",d,Which class has a higher percentage of students passing the class with a 70% or better? How do you know?,"Math 083. It appears that more than 50% of the Math 083 students are passing with a 70% or better, whereas less than 50% of the Math 219 students are."
7,S7,"Jared has a mean of 74 on his quizzes, with a standard deviation of 7. On his most recent quiz, he scored a 65.",,,,Is this unusual compared to how he usually performs on quizzes?,"No, because the score is within 2 standard deviations of the mean. z = (65 − 74) / 7 ≈ −1.29."
8,S6,"Below are the amounts that a random sample of employees reported that they spent on dinner last night (in dollars): 7, 12, 36, 50, 50.",,,,Find the sample standard deviation. Interpret the standard deviation in the context of the problem.,"$20.52. On average, the employees in our sample reported spending about $20.52 away from the mean amount of $31."
9,S6,Look at the distribution below.,images/mr-q9.png,"Histogram with bars at 1 through 7. The heights are 5, 6, 5, 3, 0, 2, and 1. The distribution is skewed to the right.",,Which pair is the best measure of central tendency and spread for the distribution? Explain.,"Median and IQR. The graph is skewed to the right, so we should use the more robust (resistant) measures of center and spread."
10,S1,"Management at a retail store is concerned about the possibility of drug abuse by people who work there. They decide to check on the extent of the problem by having a random sample of the employees undergo a drug test. Several plans for choosing the sample are proposed. Name the sampling strategy in each.
There are four employee classifications of approximately the same number: supervisors, full-time clerks, part-time clerks, and maintenance staff. Randomly select ten people from each category.",,,,Name the sampling strategy.,Stratified.
11,S1,"Management at a retail store is concerned about the possibility of drug abuse by people who work there. They decide to check on the extent of the problem by having a random sample of the employees undergo a drug test.
Each employee has a three-digit identification number. Randomly choose 40 numbers.",,,,Name the sampling strategy.,Simple Random Sample (SRS).
12,S3,"A sample of 120 men and 120 women are assigned at random to two treatments using the following method. Each man is assigned a number from 001 to 120, and each woman is assigned a number from 121 to 240. Software randomly selects 60 numbers between 001 and 120, and 60 numbers between 121 and 240 to receive a pill with 200 mg of caffeine. Those not selected by the software are given a pill without caffeine.",,,,"If the group that takes caffeine shows a higher heart rate on average, can we infer that taking caffeine can increase heart rate? Why or why not?","Yes. Since this is a randomized experiment, we can make the cause-and-effect association in this study."
13,S5 S6,"Here are four small data sets.
Set 1: 9, 10, 11, 12, 13
Set 2: 9, 11, 11, 11, 13
Set 3: 9, 9, 11, 13, 13
Set 4: 32, 33, 34, 35, 36",,,a,Draw a dot plot for each of the sample data sets.,"Put one dot on a number line for each value, stacking dots for repeats. Set 1: one dot at each of 9, 10, 11, 12, 13. Set 2: one dot at 9, three at 11, one at 13. Set 3: two dots at 9, one at 11, two at 13. Set 4: one dot at each of 32, 33, 34, 35, 36."
13,S5 S6,"Here are four small data sets.
Set 1: 9, 10, 11, 12, 13
Set 2: 9, 11, 11, 11, 13
Set 3: 9, 9, 11, 13, 13
Set 4: 32, 33, 34, 35, 36",,,b,"Without performing any calculations, which data set has the largest standard deviation? Which has the smallest? How do you know?","Largest: Set 3. Smallest: Set 2. The points in Set 3 are farthest from its center, and the points in Set 2 are closest to its center."
14,S7,"Jesse scored a +12 while golfing and 18 points while playing basketball. The statistics for his teammates for each sport are given below.
| Sport | Mean | Standard Deviation |
| Golfing | 14.2 | 3.2 |
| Basketball | 12.5 | 4.1 |",,,a,"In which sport did Jesse do better, when compared to his teammates? (Hint: in golf, the lower your score, the better!)",Basketball. z(golf) = (12 − 14.2) / 3.2 = −0.69 and z(basketball) = (18 − 12.5) / 4.1 = 1.34.
14,S7,"Jesse scored a +12 while golfing and 18 points while playing basketball. The statistics for his teammates for each sport are given below.
| Sport | Mean | Standard Deviation |
| Golfing | 14.2 | 3.2 |
| Basketball | 12.5 | 4.1 |",,,b,What does his z-score in basketball represent in the context of the problem?,"With a z-score of 1.34, we see that Jesse scored 1.34 standard deviations above his team average of 12.5 points."
15,S4,"1600 young students are asked the following question: ""Of the following, which subject do you enjoy the most: Math, English, History?"" A pie chart of their answers shows Math 40%, English 45%, and History 15%.",,,,How many students enjoy math the most?,640. 40% of 1600 is 0.40 × 1600 = 640.
16,S6,"A school is participating in a canned food drive. The following data represents the number of cans collected by a sample of twelve classrooms: 5, 10, 16, 19, 26, 40, 49, 60, 64, 79, 98, 98.",,,,"Find the mean, median, mode, standard deviation, IQR, and range. You may use technology.",Mean: 47. Median: 44.5. Mode: 98. Standard deviation: 33.11. IQR: 54. Range: 93.
17,S1,"The college president is interested in estimating the proportion of students who drive to school each day in order to plan for a future parking structure. To make this estimation, she randomly selects 250 students and asks them if they drive to school.",,,a,Identify the population in this study.,All the students attending the college.
17,S1,"The college president is interested in estimating the proportion of students who drive to school each day in order to plan for a future parking structure. To make this estimation, she randomly selects 250 students and asks them if they drive to school.",,,b,What is the parameter of interest in this study?,The proportion of all college students who drive to school.
17,S1,"The college president is interested in estimating the proportion of students who drive to school each day in order to plan for a future parking structure. To make this estimation, she randomly selects 250 students and asks them if they drive to school.",,,c,Identify the sample in this study.,The 250 students.
17,S1,"The college president is interested in estimating the proportion of students who drive to school each day in order to plan for a future parking structure. To make this estimation, she randomly selects 250 students and asks them if they drive to school.",,,d,What is the statistic in this study?,The proportion of the 250 sampled students who say they drive to school.
18,S5 S6,Think about what a distribution is.,,,,What is a distribution? Then describe various distributions for variables related to a college student.,"A distribution tells us (1) all the possible values of a variable and (2) how often each value occurs (its frequency). Your examples will vary. For instance, you could describe the distribution of the number of hours students work per week, or the distribution of their ages, using shape, center, and spread."
19,S2 S4 S5,Think about which graphs go with which types of variables.,,,,"For each graph type, state whether it is more appropriate for categorical or quantitative variables: pie chart, dot plot, histogram, boxplot, bar chart, Pareto chart.","Categorical: pie chart, bar graph, Pareto chart. Quantitative: dot plot, histogram, boxplot."
20,S1 S2,"The school IT administrator was interested in seeing how educated the staff is in identifying suspicious e-mails. During January of 2016, she decided to conduct a study by collecting data. She divided the staff into the following groups: teachers, office personnel, administrators, other staff. The IT administrator then randomly selected 25 employees from each group and sent a suspicious e-mail with a suspicious link. She then collected the following information:
Whether or not the person clicked on the suspicious link.
Whether or not the person reported the suspicious e-mail to IT.
The number of e-mails the person received in the month of January.
The age of the employee.
How many years they have been working at the school.",,,a,"For each variable listed above, determine whether each type of data is categorical or quantitative.",Clicked the link: categorical. Reported the e-mail: categorical. Number of e-mails: quantitative. Age: quantitative. Years working at the school: quantitative.
20,S1 S2,"The school IT administrator was interested in seeing how educated the staff is in identifying suspicious e-mails. During January of 2016, she decided to conduct a study by collecting data. She divided the staff into the following groups: teachers, office personnel, administrators, other staff. The IT administrator then randomly selected 25 employees from each group and sent a suspicious e-mail with a suspicious link. She then collected the following information:
Whether or not the person clicked on the suspicious link.
Whether or not the person reported the suspicious e-mail to IT.
The number of e-mails the person received in the month of January.
The age of the employee.
How many years they have been working at the school.",,,b,What is one variable that is not collected that could be an explanatory variable when analyzing the response variable of whether or not the person clicked the link?,"Various answers are possible. For example, whether the person had completed security training, or how often they use e-mail for work."
20,S1 S2,"The school IT administrator was interested in seeing how educated the staff is in identifying suspicious e-mails. During January of 2016, she decided to conduct a study by collecting data. She divided the staff into the following groups: teachers, office personnel, administrators, other staff. The IT administrator then randomly selected 25 employees from each group and sent a suspicious e-mail with a suspicious link. She then collected the following information:
Whether or not the person clicked on the suspicious link.
Whether or not the person reported the suspicious e-mail to IT.
The number of e-mails the person received in the month of January.
The age of the employee.
How many years they have been working at the school.",,,c,What type of sampling method was used to collect the data from the school staff?,Stratified.
21,S2 S3,"The Smell & Taste Treatment and Research Foundation conducted a study to investigate whether smell can affect learning. Subjects completed mazes multiple times while wearing masks. They completed the pencil and paper mazes three times wearing floral-scented masks, and three times with unscented masks. Participants were assigned at random to wear the floral mask during the first three trials or during the last three trials. For each trial, researchers recorded the time it took to complete the maze and the subject's impression of the mask's scent: positive, negative, or neutral.",,,a,Is this study a designed (controlled) experiment or an observational study?,A designed (controlled) experiment.
21,S2 S3,"The Smell & Taste Treatment and Research Foundation conducted a study to investigate whether smell can affect learning. Subjects completed mazes multiple times while wearing masks. They completed the pencil and paper mazes three times wearing floral-scented masks, and three times with unscented masks. Participants were assigned at random to wear the floral mask during the first three trials or during the last three trials. For each trial, researchers recorded the time it took to complete the maze and the subject's impression of the mask's scent: positive, negative, or neutral.",,,b,Describe the explanatory and response variables in this study.,"The explanatory variable is the scent, and the response variable is the time it takes to complete the maze."
21,S2 S3,"The Smell & Taste Treatment and Research Foundation conducted a study to investigate whether smell can affect learning. Subjects completed mazes multiple times while wearing masks. They completed the pencil and paper mazes three times wearing floral-scented masks, and three times with unscented masks. Participants were assigned at random to wear the floral mask during the first three trials or during the last three trials. For each trial, researchers recorded the time it took to complete the maze and the subject's impression of the mask's scent: positive, negative, or neutral.",,,c,What are the treatments?,There are two treatments: a floral-scented mask and an unscented mask.
21,S2 S3,"The Smell & Taste Treatment and Research Foundation conducted a study to investigate whether smell can affect learning. Subjects completed mazes multiple times while wearing masks. They completed the pencil and paper mazes three times wearing floral-scented masks, and three times with unscented masks. Participants were assigned at random to wear the floral mask during the first three trials or during the last three trials. For each trial, researchers recorded the time it took to complete the maze and the subject's impression of the mask's scent: positive, negative, or neutral.",,,d,Identify any lurking variables that could interfere with this study.,"All subjects experienced both treatments. The order of the treatments was randomly assigned, so there were no differences between the treatment groups. Random assignment eliminates the problem of lurking variables."
22,S10,"A popular smartphone application keeps track of the number of games played and the number of games won on the phone. The outcome of one game is independent from one game to the next and is based on the skill of the player. Let X = the number of games that have been won out of 200 games. Under which of the following situations would X be a random variable with a binomial distribution?
a. A group of 10 players of different skill levels were each allowed to play the game 20 times in a row.
b. A group of players with different skill levels were each allowed to play the game until they lost 3 games and this resulted in 200 games played.
c. Two players of different skill levels competed by allowing one player continue until a game was lost, then the other player to continue until the game was lost, and so on, until 200 games were played.
d. Two players of equal skill level each played one game a day for 100 days and their skill level did not change from day to day.",,,,Choose the situation.,D
23,S10,Determine if the following represent a binomial situation (answer yes or no). Make sure you understand your answer.,,,a,"Selecting 5 balls with replacement from a box that contains 100 balls, 60 of which are blue and the rest are red.",YES.
23,S10,Determine if the following represent a binomial situation (answer yes or no). Make sure you understand your answer.,,,b,"Selecting 5 balls without replacement from a box with 100 balls, 60 of which are blue and the rest are red.",NO. The trials are not independent.
23,S10,Determine if the following represent a binomial situation (answer yes or no). Make sure you understand your answer.,,,c,Rolling a six-sided die 50 times.,NO. There are more than two outcomes.
24,S10,A recent news report found that 68% of all internet searches use Google (a website used for search). Suppose a random sample of 50 searches is taken from a database that contains records of internet activity and searches.,,,a,What is the probability that exactly 25 searches are conducted on Google?,P(X = 25) = 0.0035.
24,S10,A recent news report found that 68% of all internet searches use Google (a website used for search). Suppose a random sample of 50 searches is taken from a database that contains records of internet activity and searches.,,,b,What is the probability that at least 40 searches are conducted on Google?,P(X ≥ 40) = 0.044.
24,S10,A recent news report found that 68% of all internet searches use Google (a website used for search). Suppose a random sample of 50 searches is taken from a database that contains records of internet activity and searches.,,,c,How likely is it that less than 30 searches are conducted on Google?,P(X < 30) = P(X ≤ 29) = 0.088.
24,S10,A recent news report found that 68% of all internet searches use Google (a website used for search). Suppose a random sample of 50 searches is taken from a database that contains records of internet activity and searches.,,,d,On average how many searches out of 50 should we expect to be conducted on Google? With what standard deviation?,"A mean of 34 searches, with a standard deviation of 3.30 searches."
24,S10,A recent news report found that 68% of all internet searches use Google (a website used for search). Suppose a random sample of 50 searches is taken from a database that contains records of internet activity and searches.,,,e,Would it be unusual for 45 of the searches to be conducted using Google? Explain.,"Yes, it would be unusually large. P(X ≥ 45) = 0.000264, which means that finding 45 or more searches happens less than 3 out of every 10,000 samples of size 50."
25,S9,"Let X = the number of points that can be scored on 1 question of a statistics exam. Below is the probability distribution of how students did on that question.
| x | 0 | 1 | 2 | 3 |
| P(x) | 0.13 | 0.21 | 0.55 | (blank) |",,,a,P(at most 2),P(X ≤ 2) = 0.89.
25,S9,"Let X = the number of points that can be scored on 1 question of a statistics exam. Below is the probability distribution of how students did on that question.
| x | 0 | 1 | 2 | 3 |
| P(x) | 0.13 | 0.21 | 0.55 | (blank) |",,,b,P(at least 1),P(X ≥ 1) = 0.87.
25,S9,"Let X = the number of points that can be scored on 1 question of a statistics exam. Below is the probability distribution of how students did on that question.
| x | 0 | 1 | 2 | 3 |
| P(x) | 0.13 | 0.21 | 0.55 | (blank) |",,,c,P(more than 0),P(X > 0) = 0.87.
25,S9,"Let X = the number of points that can be scored on 1 question of a statistics exam. Below is the probability distribution of how students did on that question.
| x | 0 | 1 | 2 | 3 |
| P(x) | 0.13 | 0.21 | 0.55 | (blank) |",,,d,P(exactly 3),"P(X = 3) = 0.11. The probabilities must add to 1, so P(3) = 1 − (0.13 + 0.21 + 0.55) = 0.11."
25,S9,"Let X = the number of points that can be scored on 1 question of a statistics exam. Below is the probability distribution of how students did on that question.
| x | 0 | 1 | 2 | 3 |
| P(x) | 0.13 | 0.21 | 0.55 | (blank) |",,,e,"E(x), or μ",1.64.
26,S9,Find the expected gain or loss.,,,a,"For an insurance company, if a life insurance premium on a $100,000 policy costs $400, and the chance of death during the term is 0.003.","An expected gain of $100 per policy. (400 − 100,000 × 0.003 = 100.)"
26,S9,Find the expected gain or loss.,,,b,Per ticket for a raffle with a grand prize of a $2000 television and two second prizes of a $250 mobile phone. A total of 1000 tickets were sold for $5 each.,An expected loss of $2.50 per ticket bought. ((2000 + 250 + 250) / 1000 − 5 = −2.50.)
27,S8,"One person is randomly selected. Using the contingency table, find the probabilities.
|  | men | women |
| doctors | 25 | 5 |
| lawyers | 50 | 30 |
| teachers | 25 | 65 |",,,a,P(doctor or man),105/200
27,S8,"One person is randomly selected. Using the contingency table, find the probabilities.
|  | men | women |
| doctors | 25 | 5 |
| lawyers | 50 | 30 |
| teachers | 25 | 65 |",,,b,P(doctor or teacher),120/200
27,S8,"One person is randomly selected. Using the contingency table, find the probabilities.
|  | men | women |
| doctors | 25 | 5 |
| lawyers | 50 | 30 |
| teachers | 25 | 65 |",,,c,P(man),100/200
27,S8,"One person is randomly selected. Using the contingency table, find the probabilities.
|  | men | women |
| doctors | 25 | 5 |
| lawyers | 50 | 30 |
| teachers | 25 | 65 |",,,d,P(man and lawyer),50/200
27,S8,"One person is randomly selected. Using the contingency table, find the probabilities.
|  | men | women |
| doctors | 25 | 5 |
| lawyers | 50 | 30 |
| teachers | 25 | 65 |",,,e,P(woman given doctor),5/30
28,S8,"A survey of 46 college athletes found that 24 played volleyball, while 22 played basketball.",,,a,"If we pick one athlete survey participant at random, what is the probability they play basketball?","22/46, about 0.478."
28,S8,"A survey of 46 college athletes found that 24 played volleyball, while 22 played basketball.",,,b,"If we pick 2 athletes at random (without replacement), what is the probability we get one volleyball player and one basketball player?",2 × (24/46)(22/45) ≈ 0.510. The factor of 2 is there because the volleyball player can come first or second.
28,S8,"A survey of 46 college athletes found that 24 played volleyball, while 22 played basketball.",,,c,"If we pick 3 athletes at random (without replacement), what is the probability they all play volleyball?",(24/46)(23/45)(22/44) ≈ 0.133.
29,S8,A hat contains 2 red apples and 3 green apples. A bucket contains 7 red apples and 3 green apples.,,,a,A container is selected at random and an apple is drawn out. What is the probability that it will be a red apple?,"11/20, or 0.55."
29,S8,A hat contains 2 red apples and 3 green apples. A bucket contains 7 red apples and 3 green apples.,,,b,A green apple is selected from the bucket and eaten. A second apple is to be selected from the bucket. What is the probability that this second apple will be red?,7/9.
29,S8,A hat contains 2 red apples and 3 green apples. A bucket contains 7 red apples and 3 green apples.,,,c,Two different apples are selected from the hat. What is the probability that both are green?,"6/20, or 0.30."
30,S11 S12,A certain dataset of systolic blood pressure measurements has a mean of 80 and a standard deviation of 3. Assuming the distribution is bell-shaped (normal) and we randomly select a measurement:,,,a,What percentage of measurements are between 71 and 89?,99.73%.
30,S11 S12,A certain dataset of systolic blood pressure measurements has a mean of 80 and a standard deviation of 3. Assuming the distribution is bell-shaped (normal) and we randomly select a measurement:,,,b,What is the probability a person's systolic blood pressure measures more than 89?,"0.0013, or 0.13%."
30,S11 S12,A certain dataset of systolic blood pressure measurements has a mean of 80 and a standard deviation of 3. Assuming the distribution is bell-shaped (normal) and we randomly select a measurement:,,,c,What is the probability a person's systolic blood pressure is at most 75?,"0.0478, or 4.78%."
30,S11 S12,A certain dataset of systolic blood pressure measurements has a mean of 80 and a standard deviation of 3. Assuming the distribution is bell-shaped (normal) and we randomly select a measurement:,,,d,We should expect 15% of patients to have a blood pressure below what measurement?,A systolic blood pressure measurement of 76.9.
30,S11 S12,A certain dataset of systolic blood pressure measurements has a mean of 80 and a standard deviation of 3. Assuming the distribution is bell-shaped (normal) and we randomly select a measurement:,,,e,Would it be unusual for 3 patients to have a mean blood pressure measurement of more than 84? Explain.,"Yes, a mean greater than 84 would be unusual. Using the CLT, we find that the probability is 1.05%, or about 1 out of 100 samples of size 3 would have a mean blood pressure measurement more than 84."
31,S12,"A manufacturer knows that their items have a length that is skewed right, with a mean of 12.3 inches and a standard deviation of 0.5 inches.",,,,"If 47 items are chosen at random, what is the probability that their mean length is greater than 12.4 inches?","P(x̄ > 12.4) = 0.0852, or 8.52%. Even though the lengths are skewed right, n = 47 is large, so the CLT says the sample mean is approximately normal."
32,S12,"A particular fruit's weights are normally distributed, with a mean of 499 grams and a standard deviation of 14 grams.",,,,"If you pick 10 fruits at random, then 2% of the time, their mean weight will be greater than how many grams? Give your answer to the nearest gram.","508.09 grams, which is about 508 grams."
33,S6 S11 S12,In bowling the higher the score the better. Assume scores are normally distributed. Suppose the mean bowling score is 155 with a standard deviation of 16 points.,,,a,We will give a trophy for the best 5% of scores. What score must you get to receive a trophy?,A bowling score of at least 181 will receive a trophy.
33,S6 S11 S12,In bowling the higher the score the better. Assume scores are normally distributed. Suppose the mean bowling score is 155 with a standard deviation of 16 points.,,,b,"What is the probability that in a sample of 40 bowling scores, the mean will be at most 150?",The probability that the mean score is at most 150 is 2.41%.
33,S6 S11 S12,In bowling the higher the score the better. Assume scores are normally distributed. Suppose the mean bowling score is 155 with a standard deviation of 16 points.,,,c,"Suppose we have a sample of the Santa Ana Strikers' bowling scores, but we do not know that the distribution is normally distributed. We do know Q1 = 125 and Q3 = 156. Would it be usual or unusual to have a score of 200?","Using the 1.5 IQR criteria, IQR = 31, so any score between 125 − 1.5(31) = 78.5 and 156 + 1.5(31) = 202.5 is not unusual. So a score of 200 is usual."
34,S12,According to a study the proportion of alcohol-drinking students who were underage when they first drank alcohol is p = 0.47.,,,a,Suppose a random sample of 200 alcohol-drinking college students is asked to disclose whether they were underage when they first drank alcohol. Is the response to the question qualitative or quantitative? (Explain.),"Qualitative, with two possible outcomes: drank underage or did not drink underage."
34,S12,According to a study the proportion of alcohol-drinking students who were underage when they first drank alcohol is p = 0.47.,,,b,"Describe the sampling distribution of p̂, the proportion of college-drinking students who were underage when they first drank alcohol. Be sure to verify the requirements.","The mean of p̂ is 0.47 and the standard deviation is 0.035. Requirements check: np = 200(0.47) = 94 and nq = 200(0.53) = 106, and each is greater than 10."
34,S12,According to a study the proportion of alcohol-drinking students who were underage when they first drank alcohol is p = 0.47.,,,c,"In the sample obtained from part a), what is the probability that the proportion of college-drinking students who were underage when they first drank alcohol is greater than 50%?",P(p̂ > 0.5) = 0.1976.
34,S12,According to a study the proportion of alcohol-drinking students who were underage when they first drank alcohol is p = 0.47.,,,d,"Would it be unusual that, in a survey of 200 college-drinking students, 80 or fewer were underage when they first drank alcohol?","80 of 200 is 0.40, so P(p̂ ≤ 0.4) = 0.0237. This is unusual."
35,S12,"According to a study conducted by the Gallup organization, the proportion of Americans who are afraid to fly is 0.10. A random sample of 1100 Americans results in 121 indicating that they are afraid to fly.",,,,"Explain, using probabilities, why this is not necessarily evidence that the proportion of Americans who are afraid to fly has increased since the time of the original Gallup study.","P(x ≥ 121) = P(p̂ ≥ 0.11) = 0.1345. This is not unusual, so this evidence is insufficient to conclude that the proportion of Americans who are afraid to fly has increased above 0.10. In other words, the results obtained can be due to sample variability, and the true proportion can still be 0.10."
