module,unit,title,notes_url,solutions_url,homework
1,1,"Key terms, collecting and organizing data",https://drive.google.com/file/d/1dqpONR7DapHfQrF_Ox_X87DtKuZi1AzA/view,https://docs.google.com/document/d/1MgQnnYbxgNgsG4nrHH3RLXJIcYSXT5C3Z7FzV0IzvLo/edit,HW 1.1: Key Terms | HW 1.2 Data and Sampling | HW 1.3 Observational and Experimental Studies
2,1,Displaying quantitative data,https://drive.google.com/file/d/1W7pdoYgYh5-3JzxQMmqR7W-qbFWEWdFi/view,https://docs.google.com/document/d/1_AoSVlk7FJp-fGwxaTkUH65gY6Dg_bU1COp2GP7KFk0/edit,"HW 2.1 Frequency Tables and Distributions | HW 2.2 Organizing and Displaying Categorical Data | HW 2.3 Displays for Quantitative Data - Dotplots and Histograms | HW 2.4 Percentiles, Quartiles and Box Plots"
3,1,Summary statistics,https://drive.google.com/file/d/1hH8AgNp9AU9bDfetmWalzMmddEmGYehS/view,https://docs.google.com/document/d/1SfpXk-VWXLx-1NZnpSvwNoOsMjh9M73VRerTB9_iU9E/edit,"HW 3.1 Measures of Center | HW 3.2 Skewness, Mean, Median, and Mode | HW 3.3 Measures of Spread and Z-Scores"
4,2,Probability rules and tools,https://drive.google.com/file/d/1rQ10eNzt4WqjkXQcioAgvENDlNEqnuy_/view,https://docs.google.com/document/d/1bswx9wxA6XfzFwP3qwEcehBmygLTB6lZITihfc0nEIM/edit,HW 4.1 Probability Terminology | HW 4.2 And Vs. Or / Independent and Mutually Exclusive Events | HW 4.3 Two Basic Rules of Probability
5,2,Probability distributions and expected value,https://drive.google.com/file/d/1dyA67BWyD2x8zQY6unDmSjIlOr4cA0Rd/view,https://docs.google.com/document/d/1a85X8FTX8IS8c9l5QwoIBKFiueejbzfdviknYhf5QpQ/edit,HW 5.1 Discrete Probability Functions | HW 5.2 Mean and Expected Value
6,2,The binomial distribution,https://drive.google.com/file/d/1w2K1KejZ6Mh-3wW6AaYO4BpkFoztFdR2/view,https://docs.google.com/document/d/1ay5yLJDFqwncpZazwf1rgn6ASEhgLM8AVjHHS6JdM0E/edit,HW 6.1 Binomial Distribution
7,2,The normal distribution,https://drive.google.com/file/d/1gn1iHblavUNfokzlItWYeneUMTkYVIv5/view,https://docs.google.com/document/d/1H2fNkn-nAKXm0r5nU5ogLENwaIqeS7FFa6CzHTqI4aU/edit,HW 7.1 Empirical Rule | HW 7.2 Normal Distributions Applications
8,2,The Central Limit Theorem and sampling distributions,https://drive.google.com/file/d/1V9-DKdJy22hrclc9U0YjaG70W3tF6La_/view,https://docs.google.com/document/d/1I_3yxwKz_PvSBq80x4bEsM5eWueRn1-91cVabb1WNbU/edit,HW 8.1 The Central Limit Theorem for Sample Means (Averages) | HW 8.2 Sampling Distribution of Proportions
9,3,Confidence intervals for proportions,https://drive.google.com/file/d/1c1ERBe7XjYpFPxHMFeTMmjy3ph8ordpb/view,https://docs.google.com/document/d/1uw3KTPvoWbQbRjYHy1NqA7R45j_dh0A0HH3ChyyGpTA/edit,HW 9.1 Confidence Intervals for Proportions
10,3,Confidence intervals for the mean,https://drive.google.com/file/d/1UIujKk8ArjrhBsDd7Cmn3UPXdLHbsI0z/view,https://docs.google.com/document/d/13cPNAo_gHKiBLKWMSC3HCfBfY7SzOVDCiw5CoXxwqMc/edit,"HW 10.1 Confidence Intervals for Means (Population SD unknown, T Interval)"
11,3,"Hypothesis testing, part 1",https://drive.google.com/file/d/1AzNZ5advNahfG4g6yfXvbNLswKfiaPmM/view,https://docs.google.com/document/d/1k5egvvofOyzmyA-CYxcTtaTWgvxJ4luNh2WPM4g-rBk/edit,HW 11.1 Hypothesis Tests for Proportions | HW 11.2 Hypothesis Tests for Means | HW 11.3 The Fifth Step of Hypothesis Testing (Errors of Hypothesis Testing and Appropriate Procedures)
12,3,"Hypothesis testing, part 2",https://drive.google.com/file/d/1-MeEoECm54Ikt5QtbIZVih8xPopnHm5N/view,https://docs.google.com/document/d/10FEkr56o-YEk5NODB8FTKFBlE7zfPq8BI7T2vxCC4uA/edit,HW 12.1 Tests with Two Independent Means | HW 12.2 Tests for Two Proportions | HW 12.3 Tests with Matched or Paired Data
13,4,Chi-squared,https://drive.google.com/file/d/1p7elrsoC4evIjTTHvfY9uTQ6UFmJiDTJ/view,https://docs.google.com/document/d/1_sJLh2sAhRg2-IsIwF0TUSs04xaVD-_wnXKplQwsKqI/edit,HW 13.1 Chi Square GOF Test | HW 13.2 Chi Square Test for Independence
14,4,Linear correlation,https://drive.google.com/file/d/1yvV_N3CRt8K8xPmdaEspO0umbnod7hMX/view,https://docs.google.com/document/d/1F6_VnfP5khRRNl_uuMobA4-hst1QLI5qLsHR9UEAO8U/edit,HW 14.1 Scatterplots | HW 14.2 Correlation and Regression Equations (Line of Best Fit) | HW 14.3 Regression T Test for the Slope
15,4,ANOVA,https://drive.google.com/file/d/1i8ZA8i6TIRcYh9T4Py4wYKwRvES0nZVE/view,https://docs.google.com/document/d/12hLmYCRdwWDd-zO4lmHbJCleQSBZKFfu9wPBL3qO_lI/edit,HW 15.1 One Way ANOVA F Test
