code,unit,title,statement,subskills,modules,builds_on,art_of_stat_note
S1,1,Elements of a study and sampling,I can identify the basic elements of a statistical study and components of a good sample.,"Identify the population, sample, experimental/observational units, parameter, and statistic. | Evaluate whether the sampling technique resulted in a representative sample and explain why random selection is important in sampling.",1,,
S2,1,Classifying variables,I can classify variables and relate them to potential statistical studies.,Classify variables as quantitative or categorical. | Determine potential explanatory variables that explain variability in a response variable.,1,S1,
S3,1,Types of studies,I can identify and evaluate different types of studies to determine the types of conclusions that can be made.,Distinguish the difference between observational studies and well-designed experiments. | Evaluate whether a cause-effect association can be made and explain why random assignment is important in the design of a study.,1,S1,
S4,1,Categorical displays,I can produce graphical displays and numerical summaries and interpret what graphs do and do not reveal for categorical data.,"Produce graphical displays and numerical summaries for categorical variables. | Interpret what graphs (including bar charts and pie charts) reveal or identify aspects not revealed in a graph. | Analyze stacked bar charts, side-by-side pie charts and bar charts, and frequency and relative frequency tables.",2,S2,Bar graphs & frequency tables
S5,1,Quantitative displays,I can produce graphical displays and numerical summaries and interpret what graphs do and do not reveal for quantitative data.,"Produce graphical displays and numerical summaries for quantitative data. | Interpret what graphs (including dot plots, histograms, and boxplots) reveal or identify aspects not revealed in a graph.",2,S2,"Histograms, boxplots & dotplots; Summary statistics"
S6,1,Center and variability,"I can use measures of central tendency and variability to summarize, describe, and compare distributions.","Calculate, interpret, and compare common measures of central tendency (mean, median, and mode). | Calculate, interpret, and compare common measures of variability (standard deviation, range, and IQR). | Describe the shape of a distribution, including unusual features and outliers, and interpret what this means in context.",3,S5,"Summary statistics (mean, median, standard deviation, five-number summary, IQR)"
S7,1,Z-scores,I can calculate z-scores and interpret them in various applications.,Calculate and interpret standardized z-scores as the number of standard deviations from the mean. | Use a z-score to determine if a value is unusual. | Use z-scores to compare values from different populations.,3,S6,
S8,2,Basic probability,I can calculate and interpret basic probabilities.,"Calculate probabilities from a contingency table, including compound events (or/and) and conditional probabilities. | Use probability to determine if a random event is unusual.",4,S4,
S9,2,Expected value,I can calculate and interpret the expected value of a discrete probability distribution.,Set up a discrete probability distribution table to represent a scenario. | Calculate the expected value and standard deviation of a discrete probability distribution and interpret the results.,5,S8,Expected value
S10,2,Binomial distribution,I can identify and use the binomial distribution to calculate probabilities and use in applications.,Define a binomial random variable to represent an experiment or verify properties of a random variable is binomial. | Calculate probabilities and boundaries using the binomial distribution. | Calculate the mean and standard deviation to determine unusual events.,6,S8 S9,Binomial probabilities
S11,2,Normal distribution,I can identify and use the normal distribution to calculate probabilities and use in applications.,Identify when a random variable can be modeled by the normal distribution. | Calculate probabilities and boundaries using the normal distribution.,7,S6 S7,Normal probabilities; Normal percentiles & quartiles
S12,2,Central Limit Theorem,I can apply the Central Limit Theorem (CLT) to means and proportions.,"Identify the mean and standard deviation of a sampling distribution of means and proportions, and evaluate whether the CLT applies. | Calculate probabilities for sampling distributions of means and proportions using the CLT.",8,S7 S11,Not yet covered: sampling distributions and CLT probabilities. The Unit 2 FAQ has a navigation guide.
S13,3,Confidence interval structure,I can describe and apply the formulation of a confidence interval.,Calculate and explain the terms and symbols used to construct a confidence interval. | Interpret the margin of error as the amount of variability we expect to see in our estimate. | Determine the sample size needed to achieve a given margin of error.,9 10,S12,Confidence interval entries are listed under S14. Margin of error and sample size are not yet covered.
S14,3,Confidence intervals for means and proportions,I can calculate and interpret confidence interval estimates for means and proportions.,Write a research question about a parameter that can be estimated using a one-proportion z interval or a one-mean t interval. | Calculate the boundaries of a confidence interval. | Interpret the confidence interval estimates for means and proportions in context.,9 10,S12 S13,One-mean t-interval; One-proportion z-interval
S15,3,Choosing z or t tests,I can apply one-sample z tests or t tests appropriately.,Explain when a z test or t test is appropriate. | Identify the proper test when presented with a scenario. | Write a research question with a claim that can be tested using a one-proportion z test or a one-mean t test.,11,S14,
S16,3,Conducting one-sample tests,I can conduct a one-sample test and interpret the conclusion.,"Identify when a z test or t test is appropriate. | Set up and conduct a one-proportion z test and one-mean t test and write a valid conclusion in context. | Verify the statistical assumptions and conditions based on sound statistical practices, including sample size.",11,S15,One-proportion z-test. The one-mean t-test is not yet in the hub.
S17,3,Type I and II errors,I can evaluate possible errors due to sampling.,"Describe a Type I and Type II error in context. | Evaluate potential consequences for a Type I and Type II error. | Describe how the level of significance and sample size can affect the probability of a Type I and Type II error, and the power of a test.",11,S16,
S18,3,Informal inference,I can draw conclusions from graphical and numerical summaries of a relationship between variables using informal inference.,Draw conclusions from graphical and numerical summaries of a relationship between variables using informal inference.,12,S5 S6,
S19,3,Choosing two-sample tests,I can apply two-sample and paired tests in appropriate contexts.,"Explain when each test is appropriate. | Identify the proper test when presented with a scenario. | Write a research question with a claim that can be tested using a two-proportion z test, two-mean t test, or paired t test.",12,S16,
S20,3,Conducting two-sample tests,"I can set up, conduct, and interpret the final results of two-sample tests and matched pairs tests in appropriate contexts.","Set up and conduct a two-proportion z test, two-mean t test, and paired t test. | Verify the statistical assumptions and conditions based on sound statistical practices, including sample size.",12,S19,Independent two-sample t-test; Matched / paired t-test; Two-proportion z-interval; Two-proportion z-test
S21,4,"Choosing chi-square, ANOVA, regression","I can apply chi-square tests, ANOVA, and linear regression in appropriate contexts.","Explain when each test is appropriate. | Identify the proper test when presented with a scenario. | Write a research question with a claim that can be tested using a chi-squared GOF, chi-square test for independence, ANOVA, or linear regression t test.",13 14 15,S16,
S22,4,Conducting those tests,"I can set up, conduct, and interpret the final results of chi-square tests, ANOVA, and linear regression in appropriate contexts.","Set up and conduct a chi-squared GOF, chi-square test for independence, ANOVA, and linear regression t test. | Verify the statistical assumptions and conditions based on sound statistical practices, including sample size.",13 14 15,S21,Chi-square goodness-of-fit; Chi-square test of independence; One-way ANOVA
S23,4,Scatterplots and regression,"I can interpret scatterplots and linear regression outputs, including correlation, coefficient of determination, and slope.","Evaluate the direction, form, and strength of a scatterplot visually and with numerical summaries. | Interpret the slope and y-intercept of a linear regression equation in context.",14,S5 S6,Linear regression
