outcome,problem,intro,part,question,answer,hint
S8,1,"A fair, six-sided die is rolled. Describe the sample space S, identify each of the following events with a subset of S, and compute its probability. An outcome is the number of dots that show up.",a,Event A = the outcome is two.,"S = {1, 2, 3, 4, 5, 6}. A = {2}, so P(A) = 1/6.",List the sample space first. Then write each event as the set of outcomes that make it true.
S8,1,"A fair, six-sided die is rolled. Describe the sample space S, identify each of the following events with a subset of S, and compute its probability. An outcome is the number of dots that show up.",b,Event B = the outcome is less than four.,"B = {1, 2, 3}, so P(B) = 3/6 = 1/2.",List the sample space first. Then write each event as the set of outcomes that make it true.
S8,1,"A fair, six-sided die is rolled. Describe the sample space S, identify each of the following events with a subset of S, and compute its probability. An outcome is the number of dots that show up.",c,The complement of B.,"B′ = {4, 5, 6}, so P(B′) = 1/2.",List the sample space first. Then write each event as the set of outcomes that make it true.
S8,1,"A fair, six-sided die is rolled. Describe the sample space S, identify each of the following events with a subset of S, and compute its probability. An outcome is the number of dots that show up.",d,A given B.,P(A | B) = P(A and B) / P(B) = (1/6) / (1/2) = 1/3.,List the sample space first. Then write each event as the set of outcomes that make it true.
S8,1,"A fair, six-sided die is rolled. Describe the sample space S, identify each of the following events with a subset of S, and compute its probability. An outcome is the number of dots that show up.",e,B given A.,"P(B | A) = P(A and B) / P(A) = (1/6) / (1/6) = 1. If the outcome is two, it is certainly less than four.",List the sample space first. Then write each event as the set of outcomes that make it true.
S8,1,"A fair, six-sided die is rolled. Describe the sample space S, identify each of the following events with a subset of S, and compute its probability. An outcome is the number of dots that show up.",f,A and B.,"A and B = {2}, so the probability is 1/6.",List the sample space first. Then write each event as the set of outcomes that make it true.
S8,1,"A fair, six-sided die is rolled. Describe the sample space S, identify each of the following events with a subset of S, and compute its probability. An outcome is the number of dots that show up.",g,A or B.,"A or B = {1, 2, 3}, so the probability is 1/2.",List the sample space first. Then write each event as the set of outcomes that make it true.
S8,2,"In a basketball arena, 70% of the fans are rooting for the home team. 25% of the fans are wearing blue. 20% of the fans are wearing blue and are rooting for the away team. Of the fans rooting for the away team, 67% are wearing blue. Let A be the event that a fan is rooting for the away team. Let B be the event that a fan is wearing blue.",a,Are the events of rooting for the away team and wearing blue independent?,"No. P(B) = 0.25, but P(B | A) = 0.67. Independent events would have P(B | A) = P(B).","P(A) = 1 − 0.70. To test independence, compare P(B | A) with P(B)."
S8,2,"In a basketball arena, 70% of the fans are rooting for the home team. 25% of the fans are wearing blue. 20% of the fans are wearing blue and are rooting for the away team. Of the fans rooting for the away team, 67% are wearing blue. Let A be the event that a fan is rooting for the away team. Let B be the event that a fan is wearing blue.",b,Are the events of rooting for the away team and wearing blue mutually exclusive?,"No. P(A and B) = 0.20, which is not 0, so fans can be both.","P(A) = 1 − 0.70. To test independence, compare P(B | A) with P(B)."
S10,1,A study was conducted to determine whether there were significant differences between medical students admitted through special programs and medical students admitted through the regular admissions criteria. It was found that the graduation rate was 92.9% for the medical students admitted through special programs. Twelve of the students from the special programs are randomly selected.,a,Find the probability that at least 11 of them graduated.,"X ~ Binomial(n = 12, p = 0.929). P(X ≥ 11) = P(11) + P(12) ≈ 0.7922.","Define the random variable and check n, p, and the success condition first. For at least 3 who do not graduate, you can count failures instead of successes."
S10,1,A study was conducted to determine whether there were significant differences between medical students admitted through special programs and medical students admitted through the regular admissions criteria. It was found that the graduation rate was 92.9% for the medical students admitted through special programs. Twelve of the students from the special programs are randomly selected.,b,Find the probability that exactly 9 of them graduated.,P(X = 9) ≈ 0.0406.,"Define the random variable and check n, p, and the success condition first. For at least 3 who do not graduate, you can count failures instead of successes."
S10,1,A study was conducted to determine whether there were significant differences between medical students admitted through special programs and medical students admitted through the regular admissions criteria. It was found that the graduation rate was 92.9% for the medical students admitted through special programs. Twelve of the students from the special programs are randomly selected.,c,Would it be unusual to get exactly 9 who graduate? Explain.,"μ = 12 × 0.929 ≈ 11.15 and σ ≈ 0.89, so the lower boundary is μ − 2σ ≈ 9.37. Since 9 is below 9.37, it is unusual.","Define the random variable and check n, p, and the success condition first. For at least 3 who do not graduate, you can count failures instead of successes."
S10,1,A study was conducted to determine whether there were significant differences between medical students admitted through special programs and medical students admitted through the regular admissions criteria. It was found that the graduation rate was 92.9% for the medical students admitted through special programs. Twelve of the students from the special programs are randomly selected.,d,Find the probability that at least 3 of them do not graduate. Would this be an unusual event?,"Let Y = the number who do not graduate, Y ~ Binomial(12, 0.071). P(Y ≥ 3) ≈ 0.0485. The upper boundary is μ + 2σ ≈ 2.63, and 3 is above it, so this is unusual.","Define the random variable and check n, p, and the success condition first. For at least 3 who do not graduate, you can count failures instead of successes."
S11,1,The scores on a college entrance exam have an approximate normal distribution with mean μ = 52 points and standard deviation σ = 11 points.,a,About 68% of the values lie between what two values? What are their z-scores?,μ ± 1σ gives 41 and 63. The z-scores are −1 and 1.,"The empirical rule: 68%, 95%, and 99.7% of values fall within 1, 2, and 3 standard deviations of the mean."
S11,1,The scores on a college entrance exam have an approximate normal distribution with mean μ = 52 points and standard deviation σ = 11 points.,b,About 95% of the values lie between what two values? What are their z-scores?,μ ± 2σ gives 30 and 74. The z-scores are −2 and 2.,"The empirical rule: 68%, 95%, and 99.7% of values fall within 1, 2, and 3 standard deviations of the mean."
S11,1,The scores on a college entrance exam have an approximate normal distribution with mean μ = 52 points and standard deviation σ = 11 points.,c,About 99.7% of the values lie between what two values? What are their z-scores?,μ ± 3σ gives 19 and 85. The z-scores are −3 and 3.,"The empirical rule: 68%, 95%, and 99.7% of values fall within 1, 2, and 3 standard deviations of the mean."
S11,2,In the United States the ages of smartphone users approximately follow a normal distribution with mean 34.1 years and standard deviation 12.8 years. Write answers in probability notation and draw the normal distribution with the given parameters.,a,Determine the probability that a random smartphone user is between 13 and 64 years old.,P(13 < X < 64) ≈ 0.9406.,Sketch the curve and shade the region first. Then use a normal calculator for each probability.
S11,2,In the United States the ages of smartphone users approximately follow a normal distribution with mean 34.1 years and standard deviation 12.8 years. Write answers in probability notation and draw the normal distribution with the given parameters.,b,What is the probability that the age is less than 13 OR older than 64?,P(X < 13 or X > 64) = 1 − 0.9406 ≈ 0.0594.,Sketch the curve and shade the region first. Then use a normal calculator for each probability.
S11,2,In the United States the ages of smartphone users approximately follow a normal distribution with mean 34.1 years and standard deviation 12.8 years. Write answers in probability notation and draw the normal distribution with the given parameters.,c,Twenty percent of smartphone users are less than what age? (This is the 20th percentile.),About 23.3 years. That is 34.1 + (−0.8416)(12.8).,Sketch the curve and shade the region first. Then use a normal calculator for each probability.
S11,2,In the United States the ages of smartphone users approximately follow a normal distribution with mean 34.1 years and standard deviation 12.8 years. Write answers in probability notation and draw the normal distribution with the given parameters.,d,"Based on this distribution, would it be unusual for a smartphone user to be more than 65 years old?","z = (65 − 34.1) / 12.8 ≈ 2.41, so P(X > 65) ≈ 0.0079. That is more than 2 standard deviations above the mean, so it is unusual.",Sketch the curve and shade the region first. Then use a normal calculator for each probability.
S12,1,"In a recent study reported on the Flurry Blog, the mean age of Facebook users is 34 years. Suppose the standard deviation is 15 years. Take a sample of size n = 100.",a,What are the mean (μ_x̄) and standard deviation (σ_x̄) of the sample mean ages of Facebook users?,"μ_x̄ = 34 years, and σ_x̄ = 15 / √100 = 1.5 years.",A sample mean has its own distribution. Find its mean and its standard deviation first. The standard deviation is σ divided by √n.
S12,1,"In a recent study reported on the Flurry Blog, the mean age of Facebook users is 34 years. Suppose the standard deviation is 15 years. Take a sample of size n = 100.",b,What does the distribution look like? Draw it.,"Approximately normal, because n = 100 is at least 30. It is centered at 34 with standard deviation 1.5, so it is much narrower than the distribution of individual ages.",A sample mean has its own distribution. Find its mean and its standard deviation first. The standard deviation is σ divided by √n.
S12,1,"In a recent study reported on the Flurry Blog, the mean age of Facebook users is 34 years. Suppose the standard deviation is 15 years. Take a sample of size n = 100.",c,"Find the probability that the sample mean age is more than 30 years, the reported mean age of Facebook users in this study.","z = (30 − 34) / 1.5 ≈ −2.67, so P(x̄ > 30) ≈ 0.9962.",A sample mean has its own distribution. Find its mean and its standard deviation first. The standard deviation is σ divided by √n.
S12,1,"In a recent study reported on the Flurry Blog, the mean age of Facebook users is 34 years. Suppose the standard deviation is 15 years. Take a sample of size n = 100.",d,"Find the 95th percentile for the sample mean age, to one decimal place.",34 + 1.645 × 1.5 ≈ 36.5 years.,A sample mean has its own distribution. Find its mean and its standard deviation first. The standard deviation is σ divided by √n.
S12,2,The proportion of students who view class lecture videos is 55%. We randomly take a sample of 60 students.,a,What are the mean and standard deviation of the distribution of sample proportions?,Mean = 0.55. Standard deviation = √(0.55 × 0.45 / 60) ≈ 0.0642. The normal model applies because np = 33 and nq = 27 are both at least 10.,"For a sample proportion, the standard deviation is √(p(1 − p) / n). Check that np and nq are both at least 10 before you use the normal model."
S12,2,The proportion of students who view class lecture videos is 55%. We randomly take a sample of 60 students.,b,What is the probability that p̂ is more than 10% away from the true proportion?,"Reading “10% away” as 10 percentage points, that means p̂ < 0.45 or p̂ > 0.65. z = ±0.10 / 0.0642 ≈ ±1.56, so the probability is about 0.1195.","For a sample proportion, the standard deviation is √(p(1 − p) / n). Check that np and nq are both at least 10 before you use the normal model."
S12,2,The proportion of students who view class lecture videos is 55%. We randomly take a sample of 60 students.,c,There is an 80% chance we find between ______ and ______ of the sample who view the lecture videos.,"The middle 80% uses z = ±1.28. That gives 0.55 ± 1.28 × 0.0642, so between about 0.468 and 0.632, or 46.8% and 63.2%.","For a sample proportion, the standard deviation is √(p(1 − p) / n). Check that np and nq are both at least 10 before you use the normal model."
