outcome,kind,title,note,text
S1,Concept,Sample vs. Sample Statistic,Consistently mixing up these two terms on challenge assignments.,"I need help understanding the difference between a sample and a sample statistic because I keep getting them mixed up on my homework. Act as a supportive math coach. Give me a clear real-world analogy to remember the difference, and show me a quick way to identify which is which when reading a word problem."
S4,Concept,Counts vs. Relative Frequencies,Knowing when percentages are mandatory instead of raw counts.,I am comparing two different groups (like vegetarians vs. non-vegetarians) in a categorical data display. Why are relative frequencies (percentages) more appropriate to use than raw counts when comparing these groups? Explain how unequal group sample sizes can make raw counts totally misleading.
S5,Skill,Identifying Data Concentration Visually,"Looking at a histogram and not knowing how to locate where ""most of the data is.""",I am looking at a histogram graph and I don't know how to identify exactly where 'most of the data is located.' Can you coach me on how to visually analyze a quantitative display to locate the highest concentration of data points step-by-step?
S6,Concept,The Mean/Median Tug-of-War,Visualizing how centers shift when data is skewed left.,I am trying to visualize how the mean and median move in relation to each other when a distribution is Skewed Left or contains low-value outliers. Can you explain the physical 'tug-of-war' that happens to the mean? Provide a quick rule of thumb for estimating which measure will be larger or smaller just by looking at a skewed graph.
S6,Skill,Calculating Quartiles with Even/Odd Sample Sizes,Figuring out positions when splitting an odd/even dataset breaks into a decimal.,"When calculating Q1 and Q3, if I multiply 0.25 * n and get a decimal position (for example, getting 16.25 when n=65), do I round up to the next data entry, or do I take the average between the 16th and 17th entries? Give me a clear rule or flowchart for splitting data values for both even and odd sample sizes in our introductory statistics course."
S7,Skill,Mastering the Z-Score Calculation Direction,Double-checking formula variations when a score drops below the mean.,"I am working on a z-score problem where the data value is below the mean, which means the z-score will be negative. Is it mathematically safe to think of the equation as subtraction rather than addition to make the calculation faster, or should I always strictly use the standard formula x = μ + zσ? Walk me through the algebraic logic."
S8,Concept,Discrete vs. Continuous Data Sets in Probability,,The Student Struggle: Figuring out how basic counting definitions relate to broad probability models.
S8,Skill,The Strategic Breakdown of a Multi-Step Conditional Probability,,"The Student Struggle: Disorganization, disarranging data from contingency tables, and getting lost in the numerator/denominator fields."
S9,Concept,"The ""Law of Large Numbers"" & Expected Value",,The Student Struggle: Understanding how the expected value formula can be accurate when certain outcomes (like a zero) are mathematically excluded from calculations.
S9,Skill,"The Boundary-Rounding Rule for ""Unusual"" Values",,The Student Struggle: Reconciling decimal calculation barriers (like an upper fence of 18.1) with real-world discrete scenarios (like basketball shots).
S10,Skill,"The Word Problem ""Trigger Word"" Checklist",,The Student Struggle: Overcoming text anxiety and matching a scenario to a Binomial vs. Normal Distribution.
S10,Skill,"The Boundary-Rounding Rule for ""Unusual"" Values",,The Student Struggle: Reconciling decimal calculation barriers (like an upper fence of 18.1) with real-world discrete scenarios (like basketball shots).
S11,Skill,"The Word Problem ""Trigger Word"" Checklist",,The Student Struggle: Overcoming text anxiety and matching a scenario to a Binomial vs. Normal Distribution.
S11,Skill,Art of Stat Interval Boundaries & Shading,,"The Student Struggle: Knowing how to handle intervals like ""more than 10% away from the true proportion."
S12,Concept,Standard Deviation vs. Standard Error,,The Student Struggle: Deciding when a problem shifts from describing a single individual to describing a sample mean.
S12,Skill,Art of Stat Interval Boundaries & Shading,,"The Student Struggle: Knowing how to handle intervals like ""more than 10% away from the true proportion."
S13,Concept,Confidence Levels vs. Probability Phrasing,,"The Student Struggle: Navigating the classic trap of stating that a calculated interval contains a ""percentage probability chance"" of holding the mean."
S14,Concept,Confidence Levels vs. Probability Phrasing,,"The Student Struggle: Navigating the classic trap of stating that a calculated interval contains a ""percentage probability chance"" of holding the mean."
S14,Skill,Critical Value Selection: When to Use Z* vs. t*,,The Student Struggle: Deciding which inference distribution door to select when population tracking criteria feel ambiguous.
S15,Skill,Critical Value Selection: When to Use Z* vs. t*,,The Student Struggle: Deciding which inference distribution door to select when population tracking criteria feel ambiguous.
S16,Concept,"The ""Double Negative"" Logic of Failing to Reject H0",,"The Student Struggle: Understanding why we state ""Fail to Reject the Null"" instead of simply ""Accepting"" it."
S17,Concept,Type I vs. Type II Errors & Their Consequences,,"The Student Struggle: Keeping false positives and negatives straight, and identifying real-world impacts."
S19,Skill,Independent vs. Paired Samples,,"The Student Struggle: Evaluating dependent structural tracking designs (before/after, paired entries) versus separate independent groups."
S20,Skill,Art of Stat Verification & Point Discrepancies,,The Student Struggle: Spotting small alignment errors inside software modules that cause calculated p-values to drift.
S21,Concept,The Ultimate Variable Matrix Triage,,"The Student Struggle: Freezing up or second-guessing when trying to choose between Chi-Square, ANOVA, and Linear Regression."
S21,Concept,Differentiating Chi-Square: Goodness-of-Fit vs. Independence,,The Student Struggle: Knowing how to tell these two categorical distributions apart when readings sound similar.
S21,Concept,"The ""Omnibus"" Limitation of ANOVA",,The Student Struggle: Understanding why rejecting the null in ANOVA doesn't explicitly reveal WHICH group is actually different.
S22,Skill,Art of Stat Input Triage for Contingency Tables,,"The Student Struggle: Navigating layout differences between ""Individual Observations"" and ""Contingency Table"" inputs."
S22,Skill,The Equal Variance Rule of Thumb Check,,The Student Struggle: Checking standard deviation gaps safely when population parameters are missing.
S22,Skill,"Decoding ""Sufficient Evidence"" in Final Statements",,The Student Struggle: Tripping over the linguistic phrasing of claims based on hypothesis reject/fail choices.
S23,Concept,"The ""Omnibus"" Limitation of ANOVA",,The Student Struggle: Understanding why rejecting the null in ANOVA doesn't explicitly reveal WHICH group is actually different.
S23,Concept,Demystifying the Residual in Regression,,"The Student Struggle: Moving past the robotic formula definition to understand what a ""residual"" physically represents on a scatterplot."
