video_id,module,section,title,outcomes,kind
O8c6e0pfEDQ,1,1.1,Module 1.1 Part 1,S1 S2,lecture
hvUeKRfFFwI,1,1.1,Module 1.1 Part 2,S1 S2,lecture
kjzGHf0qRR8,1,1.1,Module 1.1 Part 3,S1 S2,lecture
UBVin8iVyxc,1,1.1,Module 1.1 Part 4,S1 S2,lecture
q79kb63UWuE,1,1.2,Module 1.2 Part 1,S1,lecture
O-Gi7fs9f2c,1,1.2,Module 1.2 Part 2,S1,lecture
xLDAX2DUsFE,1,1.3,Module 1.3 Part 1,S3,lecture
HtpjVO-LEuw,1,1.3,Module 1.3 Part 2,S3,lecture
iLDyZJSskes,1,1.3,Module 1.3 Part 3,S3,lecture
x7wLiozoJ_c,2,2.1,Module 2.1 Part 1,S4,lecture
-boRehh6Vbk,2,2.1,Module 2.1 Part 2,S4,lecture
tunoIdo5KqM,2,2.2,Module 2.2 Part 1,S4,lecture
13nO-0sDWTw,2,2.3,Module 2.3 Part 1,S5,lecture
mtA6BHK_KTo,2,2.4,Module 2.4 Part 1,S5,lecture
BLUPOeB5j-U,2,2.4,Module 2.4 Part 2,S5,lecture
RLEIpLVaFI0,2,2.4,Module 2.4 Part 3,S5,lecture
MBZjgCaMju8,3,3.1,Module 3.1 Part 1,S6,lecture
OwsDotshanM,3,3.1,Module 3.1 Part 2,S6,lecture
WKZtChzQiEg,3,3.2,Module 3.2 Part 1,S6,lecture
eWNAqD8NxEA,3,3.3,Module 3.3 Part 1,S6 S7,lecture
ZOXVSR7qPfQ,3,3.3,Module 3.3 Part 2,S6 S7,lecture
rn0SaZy7zW4,3,3.3,Module 3.3 Part 3,S6 S7,lecture
pNTlDviS25g,4,4.1,Module 4.1 Part 1,S8,lecture
92CpG_wLwjM,4,4.1,Module 4.1 Part 2,S8,lecture
F7qlLlMzrxk,4,4.2,Module 4.2 Part 1,S8,lecture
y2Bp9F-aYqI,4,4.2,Module 4.2 Part 2,S8,lecture
HE5kKDjdvok,4,4.2,Module 4.2 Part 3,S8,lecture
MNKFKRJAp7Y,4,4.3,Module 4.3 Part 1,S8,lecture
7YU-4X0qkw8,4,4.3,Module 4.3 Part 2,S8,lecture
cyWTfPlnBwM,5,5.1,Module 5.1 Part 1,S9,lecture
U1yXg2hK_Hk,5,5.2,Module 5.2 Part 1,S9,lecture
NbbQki2yW4M,5,5.2,Module 5.2 Part 2,S9,lecture
Td3_It03BAk,6,6.1,Module 6.1 Part 1,S10,lecture
hNefIWHSAmc,6,6.1,Module 6.1 Part 2,S10,lecture
YeXGQdK2Si0,6,6.1,Module 6.1 Part 3,S10,lecture
C6KIzduuE8Y,7,7.1,Module 7.1 Part 1,S11,lecture
ap3F3w6knAU,7,7.1,Module 7.1 Part 2,S11,lecture
Rsf-76u5D9k,7,7.2,Module 7.2 Part 1,S11,lecture
rPz7-B_yHtY,8,8.1,Module 8.1 Part 1,S12,lecture
8K-QiS5FKMM,8,8.1,Module 8.1 Part 2,S12,lecture
VCqzWTtino8,8,8.2,Module 8.2 Part 1,S12,lecture
A9xVGAw55lY,8,8.2,Module 8.2 Part 2,S12,lecture
h-JjcIjI5W4,9,9.1,Module 9.1 Part 1,S13 S14,lecture
w9xPC7Zp1AI,9,9.1,Module 9.1 Part 2,S13 S14,lecture
5CHWg5MJkX4,9,9.1,Module 9.1 Part 3,S13 S14,lecture
EdhwxqrCWro,9,9.1,Module 9.1 Part 4,S13 S14,lecture
-u75kpf4whE,9,9.1,Module 9.1 Part 5,S13 S14,lecture
Y2c_0HTnTV4,10,10.1,Module 10.1 Part 1,S13 S14,lecture
ikV9x37Ri5M,10,10.1,Module 10.1 Part 2,S13 S14,lecture
te8LpA9WYRQ,10,10.1,Module 10.1 Part 3,S13 S14,lecture
-iL5Ip0UHF8,11,11.1,Module 11.1 Part 1,S15 S16,lecture
JZOKatKiAf8,11,11.1,Module 11.1 Part 2,S15 S16,lecture
YlC3hrN5sCI,11,11.1,Module 11.1 Part 3,S15 S16,lecture
o13ns2hQ3tw,11,11.2,Module 11.2 Part 1,S15 S16,lecture
uCszTY_KRVk,11,11.3,Module 11.3 Part 1,S15 S17,lecture
qtsd0hTzX1k,11,11.3,Module 11.3 Part 2,S15 S17,lecture
jbKEJD72ep8,12,12.1,Module 12.1 Part 1,S18 S19 S20,lecture
8N1Bnxbau1Q,12,12.1,Module 12.1 Part 2,S18 S19 S20,lecture
bAKrTMKXTuQ,12,12.2,Module 12.2 Part 1,S19 S20,lecture
SirdF96n2BE,12,12.3,Module 12.3 Part 1,S19 S20,lecture
Jap6QYnIWz0,13,13.1,Module 13.1 Part 1,S21 S22,lecture
XNspzh034ww,13,13.1,Module 13.1 Part 2,S21 S22,lecture
dK7zEN1YaM8,13,13.2,Module 13.2 Part 1,S21 S22,lecture
UeCDHaXR-p8,14,14.1,Module 14.1 Part 1,S23,lecture
O_gKojpXBUA,14,14.2,Module 14.2 Part 1,S23,lecture
KmxDvEZOipk,14,14.2,Module 14.2 Part 2,S23,lecture
HOLAteV7bHM,14,14.2,Module 14.2 Part 3,S23,lecture
rdzbLj-TaP8,14,14.3,Module 14.3 Part 1,S21 S22,lecture
m8pcGrcmjiE,15,15.1,Module 15.1 Part 1,S21 S22,lecture
hVdN-yRnG34,,,Linear Regression app intro,S22 S23,app
yXARs58MmB8,,,Explaining Type I and Type II errors,S17,app
IEzcsuY9XHc,,,Confidence interval app explainer,S13,app
3-h8xIF3vfo,,,Exploratory statistics demo,S5 S6,app
wxDo3N5uYjc,,,Cumulative relative frequency,S4 S5,app
yBasd9UBP-c,,,Binomial and normal distributions,S12,app
h1wgu49VMFQ,,,Normal distributions app video,S12,app
